actorId,name,description,actorType,room,flags,objectId,instanceSize,initPtr,destroyPtr,updatePtr,drawPtr,
"0066",Arms_Hook,Hookshot Field Model,7,0,"00000030","0014","0294","1EBF84","1EC0C4","2202D0","21FD60",
"010A",Arrow_Fire,Collectible Fire Arrows,7,0,"02000010","0001","01C8","2096B4","2098CC","23F85C","23F40C",
"010B",Arrow_Ice,Collectible Ice Arrows,7,0,"02000010","0001","01CC","1EC128","1EC340","22082C","2203AC",
"010C",Arrow_Light,Collectible Light Arrows,7,0,"02000010","0001","01CC","220868","220A80","25DC74","25D7F4",
"00C8",Bg_Bdan_Objects,Inside Jabu-Jabu's Belly Objects,1,0,"00400010","0096","0234","289770","289A88","2AB350","2AB218",
"00E6",Bg_Bdan_Switch,Jabu-Jabu's Belly Switch,0,0,"80400010","0096","0250","276508","2767B8","29A114","299FDC",
"01A5",Bg_Bom_Guard,Bombchu Bowling Alley Walls,6,0,"80400010","0178","01D0","23F898","23F928","276828","000000",
"00D0",Bg_Bombwall,Bombable Wall (Death Mountain Trail),1,0,"80400000","0002","0308","220AB4","220DA4","25DCFC","25DCB0",
"01BD",Bg_Bowl_Wall,Bombchu Bowling Alley Walls,6,0,"80400030","0178","01E4","23F940","23FA80","2768A8","276830",
"0059",Bg_Breakwall,Bombable Wall,1,0,"00400010","0001","0248","23FAB0","23FC00","276984","000000",
"0058",Bg_Ddan_Jd,Dodongo's Cavern Elevator Platform,1,0,"80400030","002B","01CC","209900","2099C0","23FC7C","23FC30",
"005C",Bg_Ddan_Kd,Dodongo's Cavern Bombable Stairs,1,0,"80400010","002B","0230","2099F0","209AEC","23FCD0","23FC84",
"003F",Bg_Dodoago,Dead Dodongo's Jaw,1,0,"00400030","002B","02D0","209B2C","209C94","23FD30","23FCD8",
"000B",Bg_Dy_Yoseizo,Great Fairy,6,0,"02000030","000A","4A74","25DD10","25DE28","289DD0","000000",
"0106",Bg_Ganon_Otyuka,Ganondorf's Lair Floor Tile,6,0,"80400030","00E1","01F8","28A450","28A588","2AB8B0","2AB37C",
"0100",Bg_Gate_Shutter,Gate to Death Mountain Trail,7,0,"80400000","0181","01D8","28A5D4","28A6D8","2AB930","2AB8E4",
"0148",Bg_Gjyo_Bridge,Rainbow Bridge,6,0,"80000020","0130","01C4","27698C","276A7C","29A3AC","29A334",
"01B4",Bg_Gnd_Darkmeiro,Shadow Trial Invisible Path,6,0,"80400030","0179","01DC","29A3B4","29A69C","379CDC","000000",
"01B3",Bg_Gnd_Firemeiro,Fire Trial Sinking Zig-Zag Platform,6,0,"80400030","0179","01D4","29A6FC","29A7C0","379D30","379CE4",
"01B7",Bg_Gnd_Iceblock,Water Trial Ice Pushblock,6,0,"80400030","0179","01D0","28A708","28A818","2AB9C4","2AB94C",
"01B6",Bg_Gnd_Nisekabe,Ganon's Castle Fake Wall,6,0,"80400010","0179","01A8","28A848","28A8E8","2ABA34","2AB9CC",
"01B5",Bg_Gnd_Soulmeiro,?: Bg_Gnd_Soulmeiro,6,0,"80400000","0179","0208","29A7FC","29A9A0","379DC4","379D38",
"009D",Bg_Haka,Gravestone,1,0,"00000000","00A2","01CC","1A60D0","1A6190","1EC430","1EC374",
"00F7",Bg_Haka_Gate,?: Bg_Haka_Gate,6,0,"80400000","0069","01F0","23FE70","2401D0","276E38","276AAC",
"00BD",Bg_Haka_Huta,Shadow Temple Coffin Lid,1,0,"80000010","008D","01CC","240254","240328","276EB4","276E68",
"00AE",Bg_Haka_Megane,?: Bg_Haka_Megane,6,0,"004000B0","0001","01CC","276EBC","276F3C","29ACD4","000000",
"00AF",Bg_Haka_MeganeBG,Invisible Wall,1,0,"80400000","0069","01D8","29A9D0","29ABF4","379E74","379DD8",
"00B1",Bg_Haka_Sgami,Spinning Scythes,6,0,"80400011","0001","03A0","25DED8","25E14C","28A95C","000000",
"00B0",Bg_Haka_Ship,Charon's Boat,1,0,"80400030","0069","01E0","240358","2404DC","277180","276F70",
"00BC",Bg_Haka_Trap,Shadow Temple Guillotine,1,0,"00400030","0069","031C","24052C","240848","277360","2771AC",
"00BB",Bg_Haka_Tubo,Shadow Temple Flaming Skull Vase,1,0,"80400010","0069","027C","2408DC","240AF4","27769C","277434",
"00D7",Bg_Haka_Water,Bottom of the Well Moat Water,6,0,"80400030","008D","01C0","25E19C","25E304","28AC24","28A99C",
"00BE",Bg_Haka_Zou,?: Bg_Haka_Zou,6,0,"00400010","0001","0220","220E20","221078","25E360","000000",
"0092",Bg_Heavy_Block,Golden Gauntlets Rock,1,0,"80000000","009A","01E0","2776C0","2779DC","29AEC0","29ACDC",
"0049",Bg_Hidan_Curtain,Circle of Flames,6,0,"80400010","0001","020C","29AEC8","29B1A0","379F38","379E7C",
"0040",Bg_Hidan_Dalm,Fire Temple Breakable Hammer Block,1,0,"00400000","002C","035C","25E38C","25E494","28ADCC","28AC2C",
"000C",Bg_Hidan_Firewall,Proximity-Activated Firewall,1,0,"80400000","002C","0208","2ABA54","2ABB34","3825E4","000000",
"004E",Bg_Hidan_Fslift,Hookshot Elevator,1,0,"80400010","002C","01C8","28AE14","28AF10","2ABBA8","2ABB5C",
"008D",Bg_Hidan_Fwbig,Fire Temple Big Fire Wall,6,0,"80400010","002C","0208","277A2C","277C90","29B240","29B1C8",
"0071",Bg_Hidan_Hamstep,Hammer-Activated Steps,1,0,"00400000","002C","02A8","29B4CC","29B8F0","37A17C","37A0F4",
"0041",Bg_Hidan_Hrock,Fire Temple Hammer-Activated Elevator Pillar,1,0,"00400000","002C","02A0","277CB8","277FCC","29B98C","29B940",
"006F",Bg_Hidan_Kousi,Metal Bars,6,0,"80400010","002C","01C8","27800C","278178","29B9E0","29B994",
"00CF",Bg_Hidan_Kowarerukabe,Bombable Wall & Cracked Floor (Fire Temple),1,0,"80400030","002C","0234","394830","3949DC","39E078","39E01C",
"0043",Bg_Hidan_Rock,Fire Temple Fire-Powered Elevator Block,1,0,"80400000","002C","0238","25E4D8","25E694","28B048","28AF40",
"0044",Bg_Hidan_Rsekizou,Fire Temple Rotating Fire Spinner,1,0,"80400000","002C","03E4","2ABC24","2ABEBC","3829C0","3827CC",
"0045",Bg_Hidan_Sekizou,Fire Temple Flame-Spouting Statue,1,0,"80400000","002C","0414","29B9E8","29BCD0","37A3C8","37A184",
"0046",Bg_Hidan_Sima,Fire Temple Clover Platform,1,0,"80400010","002C","02A0","25E6E8","25E8F0","28B5D8","28B1CC",
"0047",Bg_Hidan_Syoku,Fire Temple Fire-Powered Mini-Boss Room Face Elevator,1,0,"80400010","002C","01C8","2781A8","278254","29BDD0","29BD84",
"00D6",Bg_Ice_Objects,Ice Cavern Objects,6,0,"80400030","006B","01D0","278284","278350","29BEC4","29BE4C",
"00EF",Bg_Ice_Shelter,Meltable Ice Covering,1,0,"00400010","006B","0280","278380","27876C","29C050","29BECC",
"01C8",Bg_Ice_Shutter,Ice Cavern Bars,6,0,"80400010","006B","01C4","2787FC","278970","29C0A4","29C058",
"01C7",Bg_Ice_Turara,Icicle,6,0,"80400000","006B","0220","25E950","25EA4C","28B77C","28B730",
"0140",Bg_Ingate,Gate to Ingo's Ranch,6,0,"80400030","0129","01C4","1EC438","1EC54C","221110","2210C4",
"018E",Bg_Jya_1flift,Spirit Temple Entrance Room Elevator,1,0,"80400010","00F1","0224","25EA8C","25EC00","28B7F0","28B784",
"015A",Bg_Jya_Amishutter,Hookshot Grate,1,0,"80000000","00F1","01C4","2ABF30","2ABFC0","382B14","382AA8",
"0158",Bg_Jya_Bigmirror,Ceiling Mirror,1,0,"80400030","00F1","01E0","29C0AC","29C21C","37A854","37A590",
"01D5",Bg_Jya_Block,Silver Gauntlets Pushblock [?],6,0,"80000000","0003","01C0","240B48","240C08","2789EC","2789A0",
"0159",Bg_Jya_Bombchuiwa,Bombable Bombchu Boulder,1,0,"00400001","00F1","0234","2ABFF0","2AC1F8","382D94","382B1C",
"015B",Bg_Jya_Bombiwa,?: Bg_Jya_Bombiwa,1,0,"80400000","00F1","0234","278A14","278AE0","29C318","29C29C",
"00FC",Bg_Jya_Cobra,Snake Statue,6,0,"80400010","00F1","2394","240C38","2410A0","278D78","278B20",
"00F9",Bg_Jya_Goroiwa,Rolling Boulder (Spirit Temple),6,0,"80000010","011F","0228","2797EC","279900","29C594","29C548",
"018F",Bg_Jya_Haheniron,Iron Knuckle Debris,6,0,"80400010","016C","0220","29C6B4","29C79C","37AB78","37AB10",
"0169",Bg_Jya_Ironobj,Iron Knuckle Throne & Columns,6,0,"80400000","016C","021C","279928","279A38","29C818","29C7CC",
"00FD",Bg_Jya_Kanaami,Mesh Bridge,1,0,"80400000","00F1","01C8","279A78","279B38","29C908","29C820",
"0157",Bg_Jya_Lift,Ceiling Elevator,1,0,"80400010","00F1","01C8","221118","221228","25ECC4","25EC5C",
"0156",Bg_Jya_Megami,Goddess Statue,1,0,"80400000","00F1","03DC","25ED64","25EF34","28BC04","28B8AC",
"00FA",Bg_Jya_Zurerukabe,Spirit Temple Shifting Wall,1,0,"80400010","00F1","01CC","2AC274","2AC368","382E14","382DA8",
"0062",Bg_Menkuri_Eye,Statue Eye Targets,1,0,"80400020","004D","021C","279B68","279C18","29CC90","29C928",
"0061",Bg_Menkuri_Kaiten,Rotating Ring,1,0,"80400030","004D","01C0","2AC3B8","2AC470","382FF0","382F78",
"01CD",Bg_Menkuri_Nisekabe,Gerudo Training Ground Fake Wall,6,0,"80400030","004D","01A8","38303C","383088","394A84","394A1C",
"01BA",Bg_Mizu_Bwall,Water Temple Bombable Wall,1,0,"80400010","0059","0318","25EFC4","25F764","28BCD4","28BC0C",
"0064",Bg_Mizu_Movebg,?: Bg_Mizu_Movebg,1,0,"80400010","0059","01EC","279C40","27A1BC","29CF14","29CDDC",
"01DA",Bg_Mizu_*,?: Bg_Mizu_*,1,0,"00000010","0001","01C0","3A3184","3A31E8","3A5AD4","000000",
"01BB",Bg_Mizu_Shutter,Water Temple Gate,6,0,"80000010","0059","01EC","28BCDC","28C02C","2AC4F0","2AC4A0",
"00D4",Bg_Mizu_Uzu,Water Current,6,0,"00000000","0059","01C0","221274","2212F0","25F7A8","25F7A4",
"0065",Bg_Mizu_Water,Water Temple Water,1,0,"80400030","0059","01C0","25F7B0","25FA78","28C100","28C05C",
"006E",Bg_Mjin,Warp Pad & Ocarina Pedestal,1,0,"80400010","0001","01C8","1A61C4","1A6220","1EC5B0","000000",
"0086",Bg_Mori_Bigst,Forest Temple Bow Room Platform,1,0,"80400010","0072","01C8","25FA84","25FB88","28C274","000000",
"0087",Bg_Mori_Elevator,Forest Temple Sun Elevator,1,0,"80400010","0072","01D8","29CF1C","29D014","37ABD4","000000",
"00E2",Bg_Mori_Hashigo,Forest Temple Dropdown Ladder,1,0,"80400000","0072","0240","28C2D8","28C514","2AC578","000000",
"00E3",Bg_Mori_Hashira4,Forest Temple Rotating Lava Room Platforms,1,0,"00000010","0072","01CC","29D068","29D1F8","37AC54","000000",
"0068",Bg_Mori_Hineri,Forest Temple Twisting Corridor,1,0,"00400030","0001","0260","27A254","27A430","29D598","000000",
"00E4",Bg_Mori_Idomizu,Forest Temple Well Path Water,1,0,"80400030","0072","01BC","28C570","28C6CC","2AC618","000000",
"0088",Bg_Mori_Kaitenkabe,Forest Temple Rotating Pre-Boss Room,1,0,"80400020","0072","01E4","37AC68","37AD28","38ADA8","000000",
"0089",Bg_Mori_Rakkatenjo,Forest Temple Collapsing Checkerboard Ceiling,1,0,"80400030","0072","01D4","37AD58","37AE2C","38ADF4","000000",
"0093",Bg_Po_Event,?: Bg_Po_Event,1,0,"00400000","0099","02B4","221308","22189C","25FD54","25FBB8",
"0105",Bg_Po_Syokudai,Torch Stand (Poe Sisters),6,0,"80000000","00A4","022C","27A480","27A70C","29D868","29D5A0",
"0123",Bg_Relay_Objects,Dampé's Relay Objects,1,0,"80400010","006C","01CC","29D8F4","29DB38","37AED4","37AE5C",
"0194",Bg_Spot00_Break,Broken Drawbridge,6,0,"00400030","0166","01C4","28C6F4","28C7CC","2AC6B4","2AC62C",
"004A",Bg_Spot00_Hanebasi,Drawbridge,1,0,"00400010","002F","01FC","37AEDC","37B324","38B390","38AF04",
"0102",Bg_Spot01_Fusya,Kakariko Village Windmill Blades,1,0,"80400010","00F9","01BC","28C800","28C884","2AC6FC","2AC6B8",
"0103",Bg_Spot01_Idohashira,Kakariko Village Well Crossbeam,6,0,"80400010","00F9","01D0","38B77C","38B8A4","29DBD0","29DBA8",
"0104",Bg_Spot01_Idomizu,Kakariko Village Well Water,1,0,"80400030","00F9","01B4","2AC704","2AC7BC","38310C","383094",
"0145",Bg_Spot01_Idosoko,Well Stopper,1,0,"80400010","0180","01C4","2AC7C8","2AC87C","383158","383114",
"019D",Bg_Spot01_Objects2,Kakariko Village Objects,1,0,"00400010","0001","01EC","37B3A4","37B46C","38B924","000000",
"009C",Bg_Spot02_Objects,Graveyard Objects,1,0,"00000030","00A1","01E0","2AC8AC","2ACC5C","3831AC","383160",
"011F",Bg_Spot03_Taki,Zora's River Waterfall,1,0,"80400030","0112","01DC","27A764","27A878","29DD24","29DBF8",
"018D",Bg_Spot05_Soko,Sacred Forest Meadow Pond Bottom,6,0,"80400000","0161","01CC","27A8AC","27A9E8","29DDB4","29DD2C",
"00D5",Bg_Spot06_Objects,Lake Hylia Objects,6,0,"00400200","006A","0248","2ACCC4","2AD1E4","3833F8","3831B4",
"0120",Bg_Spot07_Taki,Zora's Domain Waterfall,1,0,"80400030","0113","01D8","27AA1C","27AC24","29DF84","29DDBC",
"01A8",Bg_Spot08_Bakudankabe,Zora's Fountain Bombable Wall,1,0,"80400000","0074","02D0","394AA4","394B8C","39E804","39E790",
"00D1",Bg_Spot08_Iceblock,Drifting Ice Platform,1,0,"80400000","0074","01FC","37B49C","37B7F4","38B9AC","38B92C",
"00B8",Bg_Spot09_Obj,Gerudo Valley Objects,1,0,"00400000","00AE","01D8","25FDA4","25FE88","28C908","28C890",
"019F",Bg_Spot11_Bakudankabe,Bombable Wall (Desert Colossus),1,0,"80400030","016F","0218","394BCC","394CDC","39EB24","39EAE0",
"01C2",Bg_Spot11_Oasis,Oasis Water,1,0,"80400010","016F","01B0","28C90C","28C994","2AD2E0","000000",
"0190",Bg_Spot12_Gate,Gate to the Haunted Wasteland,1,0,"80400000","0162","01C8","27AC74","27AD3C","29DFD0","29DF8C",
"0191",Bg_Spot12_Saku,Gate to the Gerudo Training Ground,1,0,"80400000","0162","01C8","27AD6C","27AEA4","29E030","29DFEC",
"0107",Bg_Spot15_Rrbox,Lon Lon Milk Crate,1,0,"00000000","00F0","01E0","28C9A0","28CAAC","2AD484","2AD440",
"00F8",Bg_Spot15_Saku,Hyrule Castle Gate,7,0,"80400000","00F0","01E0","27AED4","27AFA4","29E098","29E04C",
"00CD",Bg_Spot16_Bombstone,Dodongo's Cavern Boulder Blockade,6,0,"80400010","00C2","028C","383434","383778","394D84","394D1C",
"00E5",Bg_Spot16_Doughnut,Death Mountain Cloud Ring,6,0,"40400000","017A","01B4","37B828","37BA18","38BBB8","38BA90",
"01A9",Bg_Spot17_Bakudankabe,Death Mountain Crater Bombable Wall,1,0,"80400000","00B1","01C0","394DA8","394E5C","39EF20","39EED4",
"00BF",Bg_Spot17_Funen,Death Mountain Crater Smoke Plume,0,0,"80400030","00B1","01A8","28CAEC","28CB50","39C168","000000",
"015C",Bg_Spot18_Basket,Spinning Goron Vase,6,0,"80400010","00AF","0298","29E0B4","29E24C","37BA94","37BA28",
"01C3",Bg_Spot18_Futa,Spinning Goron Vase Lid,6,0,"80400000","00AF","01C0","27AFD4","27B05C","29E2D8","29E28C",
"00B9",Bg_Spot18_Obj,Goron City Objects,1,0,"80400000","00AF","01C8","25FEE4","25FF60","28CBA0","28CB5C",
"01C4",Bg_Spot18_Shutter,Door to Darunia's Room,6,0,"80400030","00AF","01C4","2AD614","2AD780","383800","3837B4",
"0166",Bg_Sst_Floor,Bongo Bongo's Drum Head,1,0,"80400030","00E2","01CC","2411F8","241284","27B164","27B08C",
"006A",Bg_Toki_Hikari,Temple of Time Window Light Rays,1,0,"80400020","005E","01C4","27B43C","27B56C","29E6CC","29E324",
"006C",Bg_Toki_Swd,Master Sword,6,0,"80000010","005E","0204","221928","2219F8","25FFDC","25FF90",
"003E",Bg_Treemouth,Deku Tree's Jaw,1,0,"80400030","002A","01CC","2412B4","241434","27B670","27B5A8",
"0108",Bg_Umajump,Horse Jumping Fence,6,0,"80400030","0100","01C0","209CEC","209DC8","2414B0","241464",
"00AC",Bg_Vb_Sima,Volvagia's Sinking Platform,1,0,"80400000","009C","01D8","209DF8","209E80","2414F8","2414B4",
"0050",Bg_Ydan_Hasi,?: Bg_Ydan_Hasi,1,0,"80400030","0036","01CC","241944","241B2C","27B7FC","27B790",
"0051",Bg_Ydan_Maruta,Deku Tree Spiked Log & Dropdown Ladder,6,0,"80000010","0036","02A0","27B820","27BAE4","29E710","29E6D4",
"000F",Bg_Ydan_Sp,Spiderweb,1,0,"80000000","0036","02CC","209EB0","20A330","241EF8","241B5C",
"01D7",Bg_Ydan_*,Deku Tree vertical web wall on top floor,1,0,"80000000","0036","01D0","29E718","29E7EC","37BEE4","37BE8C",
"0177",Bg_Zg,Gate Barring Escape From Ganon's Tower,4,0,"80000010","0156","01C8","161450","350F04","100344","10031C",
"0012",En_Dodongo,Dodongo,9,0,"00000035","0019","206C","241F00","2422C8","27BE30","27BB30",
"0096",Boss_Fd,Volvagia (Flying),9,0,"00000035","009C","49E0","1A62C4","1A6C58","1EC834","1EC7E4",
"00A2",Boss_Fd2,Volvagia (Whack-a-Mole),9,0,"00000035","009C","0B7C","1D08AC","1D0B88","20A668","20A3B0",
"00E8",Boss_Ganon,Ganondorf,9,0,"00000035","00E1","1244","20AE70","20BDF0","242A94","242308",
"017A",Boss_Ganon2,Ganon,9,0,"00000035","0153","110C","221A20","221B74","260F24","260054",
"01D8",Boss_Ganon*,?: Boss_Ganon*,9,0,"00000035","0192","05B0","28CBBC","28CE30","2AD98C","2AD7B0",
"0052",Boss_Ganondrof,Phantom Ganon,9,0,"00000035","0037","04E4","27CBC8","27CEB8","29F164","29EE98",
"0028",Boss_Goma,Gohma,9,0,"00000035","001C","1058","1ED884","1EDB68","221F20","221D70",
"00C4",Boss_Mo,Morpha,9,0,"00000035","00B4","2FF4","1A6DF4","1A7C58","1EDBB0","1EDB9C",
"00E9",Boss_Sst,Bongo Bongo,9,0,"00000435","00E2","1AE4","1D0D04","1D15D4","28DA40","28D620",
"00DC",Boss_Tw,Twinrova,9,0,"00000035","00D3","0894","1A7E18","1A88E8","1EF880","1EEDF0",
"00BA",Boss_Va,Barinade,9,0,"00000035","008C","12A4","1A8A5C","1A9C2C","12DE30","188DCC",
"00F5",Demo_6K,Sage Light Orbs,6,0,"00000010","0001","0370","1A9F54","1AA428","1EFF6C","000000",
"00A8",Demo_Du,Darunia,4,0,"00000010","009D","0418","1AA5BC","1AA91C","1F0314","1F02EC",
"0182",Demo_Ec,Ending Cutscene NPCs,4,0,"00000010","015A","1500","1AA938","1AA96C","12E11C","12E0EC",
"008B",Demo_Effect,?: Demo_Effect,1,0,"00000030","0001","02FC","22345C","2245B8","262C58","000000",
"0118",Demo_Ext,Kotake & Koume's Portal,4,0,"80000010","005A","01E4","1D20C4","1D21BC","1493C8","1493A0",
"01B2",Demo_Geff,Ganon's Lair Rubble Fragment,9,0,"00000030","0186","01C4","1F095C","1F0990","1616C8","1616A0",
"01B1",Demo_Gj,Ganon's Lair Rubble,6,0,"00400030","0185","0314","1AA9C8","1AADF4","12E174","12E14C",
"00CA",Demo_Go,Generic Goron (Cutscenes),4,0,"00000010","00C9","0404","1AAEB0","1AAFC8","1F0D78","1F0D50",
"0174",Demo_Gt,Ganon's Tower Exterior (Collapsing) Objects,6,0,"00400030","014C","021C","1AAFE4","1AB488","12E1C4","12E19C",
"0114",Demo_Ik,Iron Knuckle (Cutscenes),4,0,"00000010","0106","0308","1AB4F0","1AB704","12E214","12E1EC",
"00A9",Demo_Im,Impa,4,0,"00000011","0087","0C5C","1AB70C","1AB99C","1F0E08","1F0DE0",
"008C",Demo_Kankyo,?: Demo_Kankyo,1,0,"00000030","0001","1B7C","224B58","225008","262EA4","1ABDDC",
"01A7",Demo_Kekkai,Ganon's Castle Barrier,7,0,"00000030","0179","027C","225138","225524","262F2C","262EB4",
"00C9",Demo_Sa,Saria (Cutscenes),4,0,"00000010","00BC","0418","1AB9CC","1ABDC0","1F0E90","1F0E30",
"0119",Demo_Shd,Bongo Bongo's Shadow,7,0,"00000030","0001","01BC","1D2484","1D2578","20C720","20C65C",
"00AA",Demo_Tre_Lgt,Treasure Chest Glow,7,0,"00000010","000E","0590","2452E8","335794","27E098","2AF248",
"009B",Door_Ana,Grotto Hole,7,0,"82400000","0002","0208","1D313C","1D3360","20CF64","20CEAC",
"0172",Door_Gerudo,Thieves' Hideout Cell Door,7,0,"80400000","014B","01E0","2256EC","2257C8","263118","263034",
"01C1",Door_Killer,Door Mimic,1,0,"80000010","018E","09E0","225804","225EF8","263178","000000",
"002E",Door_Shutter,Door Shutter,10,0,"00400030","0001","0220","2453E0","2455E0","27E6E0","27E0AC",
"0070",Door_Toki,Door of Time Collision Model,1,0,"80000000","005E","01C0","1F0F34","1F0FA4","225F8C","000000",
"005D",Door_Warp1,Blue Warp & Rupee-Shaped Prism,7,0,"00000030","0048","04D0","20CF6C","20D280","2458D0","2456FC",
"0176",Efc_Erupc,Death Mountain Eruption Effects,7,0,"00000030","014D","2100","1F0FBC","1F116C","226370","225FB8",
"0101",Eff_Dust,Dust Particles,4,0,"00000030","0001","05C8","1D3390","1D36EC","20D310","20D308",
"011B",Elf_Msg,Navi Message (Automatically Triggered),7,0,"00000010","0001","01A8","1ACBDC","1ACD48","1F2D4C","1F2C7C",
"0173",Elf_Msg2,Navi Message (Targetable),1,0,"00000010","0001","01A8","1D3F60","1D40A4","20DE5C","000000",
"0039",En_A_Obj,Directional Sign & Square Sign [Early],6,0,"00000010","0001","022C","1E0734","1F9618","16B31C","1E06A4",
"0054",En_Am,Armos,5,0,"84000015","0038","05A8","162098","350860","1ACEA8","1ACD4C",
"0167",En_Ani,Man on Kakariko Rooftop,4,0,"00000009","00EC","0A84","1896EC","189818","1D4114","1D40A8",
"00E0",En_Anubice,Anubis,5,0,"00000015","00D6","0708","20DF34","20E04C","246E58","246E00",
"00E1",En_Anubice_Fire,Anubis-Killing Fire Trap,5,0,"00000010","00D6","025C","290ED8","290FF8","2B072C","2B053C",
"00F6",En_Anubice_Tag,Anubis Spawner,0,0,"00000010","0001","01B0","27FC04","27FC50","2A2F80","2A2F7C",
"0081",En_Arow_Trap,Arrow-Deflecting Trap,6,0,"00000010","0001","01AC","190144","19017C","112FD0","000000",
"0016",En_Arrow,?: En_Arrow,7,0,"00000030","0001","031C","1D44E0","1D4A04","20E7B0","20E09C",
"0144",En_Attack_Niw,Cucco (Attacking),5,0,"00000010","0013","0668","26585C","2659CC","291060","291034",
"00DE",En_Ba,Parasitic Tentacle,5,0,"00000015","00D5","0C4C","16B3EC","16B84C","1BE174","1BE0C8",
"0069",En_Bb,Bubble,5,0,"01000015","005D","0608","162328","162C28","1005EC","149AF8",
"0000",Player,Player,5,0,"00000030","0019","0700","1F2E80","1F32BC","33A5E8","228810",
"00C6",En_Bigokuta,Big Octorok,5,0,"00000035","015F","0B74","228818","2289D0","266148","265E24",
"0034",En_Bili,Biri,5,0,"00005005","0021","06C8","1AD7CC","1AD96C","1F33A0","1F3338",
"0072",En_Bird,Brown Bird,6,0,"80000000","0077","01F0","1AD9A4","1BE48C","12F4F0","190180",
"0136",En_Blkobj,Dark Link's Illusion Room,6,0,"00400030","0125","01CC","1F3A5C","1F3BA4","228CAC","228A34",
"0010",En_Bom,Bomb Field Model,3,0,"00000030","0001","0294","189854","1899B4","1D530C","1D5260",
"014B",En_Bom_Bowl_Man,Bombchu Bowling Alley Employee,4,0,"08000039","0160","0858","2917B0","29196C","2B1180","2B1114",
"014C",En_Bom_Bowl_Pit,?: En_Bom_Bowl_Pit,6,0,"80000010","0001","023C","2919BC","2919D4","2B12CC","000000",
"00DA",En_Bom_Chu,Bombchu Field Model,3,0,"00000010","0001","0254","20E984","20EB2C","247C40","247AF0",
"004C",En_Bombf,Bomb Flower,6,0,"80000011","0031","0290","1E0B48","1E0D38","14CAA8","1BE490",
"0032",En_Boom,Boomerang Field Model,8,0,"00000030","0001","0280","1ADA70","1ADBB8","1F4284","1F3C14",
"000A",En_Box,Treasure Chest,11,0,"00000000","000E","0398","1899EC","189FA8","1D5B70","1D5AC4",
"00B6",En_Brob,Stunnable Jelly Platform,5,0,"00000005","00AC","0570","1ADC10","1ADE98","1F4418","1F4388",
"002D",En_Bubble,Shabom,5,0,"00000001","0012","02E0","1F4850","1F4A34","228F24","228CB4",
"0038",En_Bw,Torch Slug,5,0,"00000015","0025","056C","162C84","350420","1AE310","1ADEEC",
"00DF",En_Bx,Tentacle Obstruction,5,0,"00000010","00D5","0784","16B8AC","16BBF0","1BE8B4","1BE63C",
"0155",En_Changer,Treasure Chest (Treasure Chest Shop),6,0,"80000000","0001","01C4","20EC50","20F088","249014","000000",
"001E",En_Butte,Butterfly,7,0,"00000000","0002","03F0","1AEB9C","1AEEC8","1F4AE0","1F4A5C",
"013B",En_Clear_Tag,Arwing,9,0,"00000035","0001","0268","24903C","249040","27FE58","27FE54",
"01C6",En_Cow,Cow,4,0,"00000009","018B","07BC","189FD4","18A3E4","1D6024","1D5F70",
"01C0",En_Crow,Guay,5,0,"00005005","0008","0618","1AEF98","1AF0BC","1F4D40","1F4D0C",
"016C",En_Cs,Graveyard Boy,4,0,"00000009","0145","0B04","162E30","350134","1AF180","1AF0EC",
"0133",En_Daiku,Carpenter (Thieves' Hideout & Carpenters' Tent),4,0,"00000019","0122","0BF4","1D6414","1D6730","20F1A8","20F08C",
"01BC",En_Daiku_Kakariko,Kakariko Village - Carpenter,4,0,"00000019","0122","0BB0","2B12F4","2B1634","386228","386110",
"0055",En_Dekubaba,Deku Baba,5,0,"00000005","0039","060C","228FDC","22930C","267018","266C54",
"0060",En_Dekunuts,Mad Scrub,5,0,"00000005","004A","06A0","229368","2295D8","267560","2674E8",
"00A4",En_Dh,Dead Hand,5,0,"00000415","00A6","0938","16BC34","16BE64","102550","14D15C",
"00A5",En_Dha,Dead Hand's Hands,5,0,"00000015","00A6","0550","190184","190290","113050","16BEB0",
"0124",En_Diving_Game,Diving Game Zora,4,0,"00000019","00FE","0DA0","280194","2802E0","2A3C88","2A3C34",
"011A",En_Dns,Business Scrub (Surrendered),1,0,"00000009","0168","08AC","18A430","18A63C","1D67CC","1D6788",
"01A1",En_Dnt_Demo,Forest Stage Actor Spawner,6,0,"00000000","0001","0258","229628","22975C","267904","000000",
"01A2",En_Dnt_Jiji,Forest Stage Judge,4,0,"00000019","0171","08F8","229760","229864","267A78","267930",
"01A3",En_Dnt_Nomal,Deku Scrub (Deku Target Game),6,0,"00000030","0001","08F8","249260","34EA98","280510","000000",
"002F",En_Dodojr,Baby Dodongo,5,0,"00000005","001F","0520","1F51E8","1F52CC","1630A4","1D68A8",
"0012",En_Dodongo,Dodongo,5,0,"00000015","000C","0DFC","20F294","20F534","249428","24936C",
"019B",En_Dog,Dog,4,0,"00000000","016B","0644","18A660","18A8B8","1D699C","1D6918",
"0009",En_Door,Wooden Door,10,0,"00400030","0001","03F0","1AF5A8","3428DC","1F53C8","1F52FC",
"0149",En_Ds,Potion Shop Granny,4,0,"00000009","010F","044C","163420","350BC0","1AF784","1AF740",
"0098",En_Du,Darunia,4,0,"02000009","009D","057C","16354C","1637C0","1AF900","1AF888",
"0184",En_Dy_Extra,Great Fairy's Healing Beam,6,0,"00000030","000A","01D0","22989C","229988","37681C","267CF0",
"01CC",En_Eg,?: En_Eg,7,0,"00000010","0060","01A8","163808","163814","100884","100880",
"003A",En_Eiyer,Land Stinger,5,0,"00000005","0026","0848","1D6CB8","1D6E94","20F700","20F5C8",
"0018",En_Elf,Navi & Healing Fairy,7,0,"02000030","0001","09D0","18A8E0","18B12C","1D732C","1D6EC4",
"00A7",En_Encount1,Enemy Spawner,6,0,"88000010","0001","01CC","229994","229B50","2682D0","000000",
"00B4",En_Encount2,Falling Boulder Spawner,5,0,"00000030","0092","0780","229B74","229C38","2685E4","2682EC",
"0168",En_Ex_Item,Bombchu Bowling Prizes,6,0,"00000030","0001","01D4","20FC50","20FDE0","249CB8","249BAC",
"0131",En_Ex_Ruppy,Deku Target Game Rupee,6,0,"80000010","0001","01C0","229C48","229F7C","2689B8","268874",
"0099",En_Fd,Flare Dancer,5,0,"00000215","009E","28EC","163818","350B2C","1B004C","1AFC00",
"00A3",En_Fd_Fire,Flare Dancer's Fireball,5,0,"00000015","0003","021C","20FE10","20FF3C","24A080","249CF4",
"0067",En_fHG,Phantom Ganon's Horse,1,0,"00000010","005A","0D2C","1902C0","1904B0","113230","16BEE4",
"0000",Player,Player,9,0,"00000030","005A","0288","229F88","22A450","268CF8","268A24",
"00B5",En_Fire_Rock,Flaming Debris,5,0,"00000030","0092","0248","24A164","24A51C","280B98","2808CC",
"0013",En_Firefly,Keese,5,0,"00005005","000D","07B4","20FF60","210154","24A640","24A57C",
"008E",En_Floormas,Floormaster,5,0,"00000405","000B","083C","22A4C4","22A6F0","268DFC","268D30",
"00ED",En_Fr,Frog,4,0,"02000019","00E6","0E50","163A88","35017C","1B0BC8","000000",
"0153",En_Fu,Windmill Man,4,0,"02000019","0133","0A14","163B00","163CA0","1B1328","1B12AC",
"00AB",En_Fw,Flare Dancer Core,5,0,"00000215","009E","0B34","163CDC","163E4C","1B178C","1B14D4",
"0121",En_Fz,Freezard,5,0,"00000415","0114","13DC","163E94","34FD60","1B1A78","1B184C",
"0117",En_G_Switch,Silver Rupee,6,0,"80000030","0001","0A5C","22A720","22AA5C","269414","000000",
"016F",En_Ganon_Mant,Ganondorf's Cape,9,0,"00000030","0001","17E4","26966C","26967C","2925AC","000000",
"015E",En_Ganon_Organ,Ganondorf's Organ,9,0,"00400030","00E1","01AC","280E0C","280E34","2A4120","2A3FD0",
"01B8",En_Gb,Poe Collector,4,0,"00000009","0189","08A0","164114","350FAC","1B2354","1B20C0",
"0138",En_Ge1,Gerudo in White,4,0,"00000009","0116","0A88","18B218","18B4D8","1D742C","1D7358",
"0186",En_Ge2,Patrolling Gerudo in Purple,4,0,"00000019","0167","0B60","18B514","18B768","1D7708","1D769C",
"01D0",En_Ge3,Nabooru's Second-in-Command,4,0,"00000019","0169","0C20","18B7A4","18B928","2699C8","1D7B48",
"0197",En_GeldB,Gerudo Fighter,5,0,"00000015","0169","0DEC","1D7BD8","1D7EAC","14A04C","1B2B00",
"0004",En_GirlA,Shop Inventory Data,6,0,"00000019","0001","0200","1D7F20","1D7F8C","2103C0","000000",
"0029",En_Zl1,Child Zelda (Cutscene 05 & 06),4,0,"00000019","001D","0484","18F7EC","18FAFC","1DFE94","1DFE20",
"013D",En_Gm,Medigoron,4,0,"00000019","0126","0C20","1645C8","1645EC","1B2FC0","000000",
"01AE",En_Go2,Generic Goron & Biggoron,4,0,"00000039","00C9","0F08","18B964","18BF14","1D85C8","1D7FB4",
"0028",Boss_Goma,Gohma,5,0,"00000035","001E","081C","1B2FC8","1B33C4","1F597C","1F53D0",
"0130",En_Goroiwa,Rolling Boulder (Generic),6,0,"00000010","011F","0240","2103C8","210650","24ACEC","24ACB8",
"01B9",En_Gs,Gossip Stone,6,0,"02000009","0188","0284","16461C","16474C","1B37C0","1B342C",
"01A4",En_Guest,Happy Mask Shop Customer,4,0,"00000019","0111","0978","1D8D08","1D8D48","210758","000000",
"0026",En_Hata,Flagpole,6,0,"00000000","0076","031C","1B3A8C","1B3CB0","1F6460","1F6398",
"0000",Player,Player,4,0,"00000010","0097","0900","210A80","210CB4","24B538","24B4C4",
"00B3",En_Heishi2,Soldier (Castle Gate / Zelda's Courtyard / Kakariko Village),4,0,"00000009","0097","0A34","210D1C","211084","24B93C","24B884",
"0142",En_Heishi3,Soldier (Hyrule Castle),4,0,"00000000","0097","0924","211130","211268","24BAD4","24BA98",
"0178",En_Heishi4,Soldier (Hyrule Castle Town & Kakariko Village),4,0,"00000009","0097","0964","2112D0","2114F0","24BBCC","24BB90",
"0192",En_Hintnuts,Deku Scrub (Inside the Deku Tree),5,0,"00000005","0164","0638","22AB2C","22ADE0","269B4C","269AD4",
"01D9",En_Hintstone,Sheikah Stone,6,0,"00000009","0194","03F4","24BD08","24BE24","281834","2817CC",
"0023",En_Holl,Room Transition Plane,10,0,"00000010","0001","01B4","1B3CEC","1B3D60","1F692C","1F6614",
"011C",En_Honotrap,Flame-Shooting Eye Switch,6,0,"80000010","0003","02B0","22AE30","22B148","26A124","269F00",
"0014",En_Horse,Adult Epona,1,0,"80000010","001A","1098","1D9004","1D97F8","14A5A8","1B46E8",
"00DB",En_Horse_Game_Check,?: En_Horse_Game_Check,1,0,"00000010","0001","0200","386A8C","386B08","39A8BC","3A36BC",
"0042",En_Horse_Ganon,Ganondorf's Horse,1,0,"00000010","002D","031C","16476C","164770","1008AC","14A5A0",
"009A",En_Horse_Link_Child,Child Epona,1,0,"02000010","00A0","0EA8","18BF6C","18C1DC","1D8D7C","22AAE4",
"003C",En_Horse_Normal,Generic Horse,1,0,"00000000","0027","1318","161A60","16201C","1004C8","14968C",
"005B",En_Horse_Zelda,Zelda's Horse,1,0,"00000010","0046","031C","164774","164778","1008B0","14A5A4",
"013F",En_Hs,Carpenter Boss's Son (Lost Woods),4,0,"00000009","0128","0714","16477C","1648B0","1B47D8","1B4794",
"01A6",En_Hs2,Carpenter Boss's Son (Kakariko Village),4,0,"00000009","0128","0714","18C21C","18C304","1D98A0","1D985C",
"016E",En_Hy,Hylian Spawner,4,0,"00000019","0001","1080","1648E0","164AD0","1B4C84","1B4944",
"00F0",En_Ice_Hono,Blue Fire,7,0,"00000000","0001","022C","22B190","22B664","26A704","26A5A0",
"0113",En_Ik,Iron Knuckle (Field Enemy),9,0,"00000010","0106","0FFC","164B0C","164FCC","293080","293058",
"00CB",En_In,Ingo,4,0,"00000019","00C0","0E34","165074","165140","1B5104","1B504C",
"014E",En_Ishi,Silver Gauntlets Boulder,6,0,"80C00000","0002","0204","1B5460","1B5698","1F69AC","1F6994",
"0196",En_It,Collectable Grave-Digging Game Items,6,0,"00000000","0001","0200","165188","1651DC","376278","000000",
"0015",En_Item00,Collectible Items (Visible),8,0,"00000000","0001","0218","1F69B4","1F706C","22B71C","22B6C0",
"005A",En_Jj,Jabu-Jabu,7,0,"00000030","0040","095C","1651EC","1654C4","1B57F8","1B56C0",
"016A",En_Js,Carpet Merchant,4,0,"00000009","0144","0710","165538","165654","1B5BC8","1B5B94",
"016B",En_Jsjutan,Carpet Merchant's Magic Carpet,4,0,"80000009","0001","01EC","211688","21173C","24C3E8","000000",
"017B",En_Kakasi,Pierre (Lake Hylia),4,0,"02000009","0154","02B0","1F7094","1F7154","22BD7C","22BD24",
"01C9",En_Kakasi2,Pierre (Wandering),6,0,"0A000031","0154","02A0","2118A0","211A48","24C710","000000",
"01CA",En_Kakasi3,Bonooru,4,0,"02000009","0154","02B0","211A6C","211B30","24C844","24C7EC",
"0141",En_Kanban,Square Sign,6,0,"80000019","012F","0284","1F7180","1F7484","22C284","22BE4C",
"00C7",En_Karebaba,Wilted Deku Baba,5,0,"00000005","0039","0430","22D7A4","22D974","26ADCC","26A8D0",
"0163",En_Ko,Kokiri Spawner,4,0,"00000019","0001","0CA8","165684","165948","1B5F14","1B5E30",
"0125",En_Kusa,Grass Clump & Regenerating Grass,6,0,"80800010","0001","0210","1B64EC","3501E8","1F75C4","000000",
"0164",En_Kz,King Zora,4,0,"00000009","00FF","0F50","165978","165B68","1B66F8","1B6690",
"007C",En_Lightbox,Grey Rectangular Block,6,0,"80000010","0081","01C0","230584","2306D4","1BEB78","2133A4",
"0008",En_Light,Flame,7,0,"00000000","0001","01CC","1D9A0C","1D9D10","211C30","211B5C",
"0056",En_M_Fire1,Deku Nut Effect,8,0,"00000000","0001","0200","211D9C","211E04","2B1898","000000",
"0057",En_M_Thunder,Spin Attack Effects,7,0,"00000000","0001","0254","24C910","24CD48","39CD9C","39C9CC",
"00E7",En_Ma1,Child Malon,4,0,"02000039","00E0","0C38","18C334","18C5E4","1D9E00","1D9D50",
"00D9",En_Ma2,Adult Malon (Stable & Lon Lon Ranch - Ingo Ousted),4,0,"02000039","00D0","04FC","18C614","18C964","1DA0D4","1DA000",
"01C5",En_Ma3,Adult Malon (Day),4,0,"00000039","00D0","0484","18C990","18CB8C","1DA360","1DA28C",
"0171",En_Mag,Title Screen Overlay,6,0,"00000030","014A","01E0","18CBB8","18CF1C","1DA9F8","1DA4F4",
"004B",En_Mb,Moblin,5,0,"00000015","0030","0BAC","165BA4","165FE8","1B6D80","1B6AC0",
"016D",En_Md,Mido,4,0,"02000019","00FB","0C24","16604C","166348","1B736C","1B72B4",
"014A",En_Mk,Lake Scientist,4,0,"00000019","0132","0844","166374","16648C","1B76F0","1B76AC",
"0162",En_Mm,Running Man (Hyrule Field & Ending),4,0,"00000019","013C","0AE0","1664BC","16680C","1B79C8","1B7910",
"01D4",En_Mm2,Running Man (Carpenters' Tent & Race),4,0,"00000019","013C","0A88","18CF80","18D14C","1DB0D0","1DB068",
"013E",En_Ms,Magic Bean Seller,4,0,"00000009","0127","076C","166850","1669CC","1B7D58","1B7D20",
"01AD",En_Mu,Haggling Shoppers,4,0,"00000009","0182","0634","166A00","166AEC","1B7ED8","1B7E3C",
"0020",En_Insect,Bug,7,0,"00000000","0001","065C","1DB20C","1DB6C8","211E84","211E28",
"00C3",En_Nb,Nabooru,4,0,"00000010","00B3","0DA8","166B18","166ED8","1B7FE4","1B7FBC",
"0019",En_Niw,Friendly Cucco,6,0,"00800010","0013","0B98","18D190","18D5C8","1DB968","1DB714",
"019A",En_Niw_Girl,Cucco-Chasing Girl,4,0,"00000019","016A","0B28","22D9E0","22DCBC","26B4A8","26B40C",
"013C",En_Niw_Lady,Cucco Lady,4,0,"00000019","0110","0AC8","22DD1C","22DDCC","26B77C","000000",
"0193",En_Nutsball,Deku Scrub Projectile,6,0,"00000010","0001","0208","22DE3C","22DFB4","26BD8C","000000",
"0135",En_Nwc,Cucco Chick,6,0,"00000030","0124","078C","18D61C","161644","1DC4E0","1DC4DC",
"00EC",En_Ny,Spike Trap,5,0,"00000005","00E5","03BC","166F0C","167184","1B8288","1B800C",
"0048",En_Xc,Sheik,4,0,"00000010","008A","0CA0","18D75C","18DAE8","1DC83C","1DC7D4",
"003D",En_Ossan,?: En_Ossan,4,0,"00000019","0001","0584","1DC610","1DC77C","212278","000000",
"004F",En_OE2,Kokiri Girl [Early],4,0,"00000009","0035","01F0","18D748","18D758","1DC60C","1DC608",
"0170",En_Okarina_Effect,Song of Storms Effect,7,0,"02000010","0001","01AC","2B28D4","2B28F8","3871A8","000000",
"012E",En_Okarina_Tag,Ocarina Spot,6,0,"02000010","0001","01B8","281D68","281EA0","2A4C88","000000",
"000E",En_Okuta,Octorok,5,0,"00000005","0007","091C","1DC8B0","1DCABC","2123A4","212290",
"014D",En_Owl,Kaepora Gaebora,4,0,"00000019","0131","137C","18DB28","18DEBC","1DCB60","1DCAF8",
"0007",En_Part,?: En_Part,7,0,"00000010","0001","021C","1B8724","1B8738","1F7844","1F7604",
"001D",En_Peehat,Peahat,5,0,"01000015","0018","07D4","1F7D84","1F80E4","167644","1DD3D4",
"01BF",En_Po_Desert,Poe Guide,1,0,"00001090","006D","096C","24D0D4","24D320","282B78","282A0C",
"0175",En_Po_Field,Big Poe,5,0,"00001035","006D","09E8","22DFEC","22E1E4","26CA40","26C744",
"0122",En_Po_Relay,Dampé's Ghost,4,0,"00011019","0089","0D70","22E25C","22E438","26CFEC","26CF04",
"0091",En_Po_Sisters,?: En_Po_Sisters,5,0,"00005215","0099","0AF8","26D128","26D5A4","2942E0","2939BC",
"000D",En_Poh,Graveyard Poe & Composer Brothers,5,0,"00001015","0001","0A6C","18DF00","18E20C","24D368","000000",
"007D",En_Pu_box,Grey Rectangular Stone Block,1,0,"80000010","0082","01C4","1E0D7C","1E0ED0","14D304","1BEDA4",
"0090",En_Rd,Redead & Gibdo,5,0,"00000415","0098","09CC","167C94","167FA0","10109C","14BFB4",
"001C",En_Reeba,Leever,5,0,"08000015","0017","051C","1DDF04","1DE0D8","14C184","1B878C",
"003B",En_River_Sound,Sound Effects I,1,0,"20000030","0001","01B4","283870","283924","2A5AB4","2A5960",
"00A6",En_Rl,Rauru,4,0,"00000010","00A7","0D6C","168018","168130","1B8830","1B8808",
"00DD",En_Rr,Like Like,5,0,"00000435","00D4","2850","168158","1684C4","1B8D90","1B8858",
"00A1",En_Ru1,Child Ruto,4,0,"04000011","00A3","0D0C","18E28C","18E764","1DE17C","1DE154",
"00D2",En_Ru2,Adult Ruto,4,0,"00000010","00CA","0E68","18E7A8","18E9D0","1DE260","1DE238",
"0146",En_Sa,Saria (Gameplay),4,0,"02000019","00BC","0C4C","168504","1688C4","1B9450","1B9358",
"0021",En_Fish,Fish,7,0,"00000000","0001","05E8","1F8160","1F8424","22E520","22E4E4",
"00C5",En_Sb,Shellblade,5,0,"00000005","00B5","02A8","1688F0","168A24","1B994C","1B9844",
"0024",En_Scene_Change,?: En_Scene_Change,6,0,"80000000","0040","01AC","295348","295368","2B3C1C","2B3BD0",
"013A",En_Sda,Dynamic Shadow,9,0,"00000030","0001","01A4","18EA04","18EA08","1DE28C","1DE288",
"0195",En_Shopnuts,Business Scrub (Attacking),5,0,"00000005","0168","08A0","22ED2C","22EF40","26DD2C","26DCF8",
"019C",En_Si,Gold Skulltula Token,7,0,"00000201","0024","0210","168A90","168C3C","1BA0C8","1BA050",
"015F",En_Siofuki,Small Water Spout,1,0,"80400030","013A","020C","212AB8","212DC4","24DF20","24DD5C",
"01B0",En_Skb,Stalchild,5,0,"00000015","0184","0ED4","18EA0C","18EBC8","1DE320","1DE290",
"0115",En_Skj,Skullkid,5,0,"02000015","010A","0A48","18EC30","18F06C","1DE890","1DE7D4",
"0116",En_Skjneedle,Skullkid's Needle,5,0,"00000205","010A","020C","24DF28","24DFBC","283DB0","283D7C",
"0188",En_Ssh,Skulltula House Resident (Cursed),4,0,"00000035","015E","0E78","18F0A4","18F488","1DF0A4","1DED54",
"0037",En_St,Skulltula,5,0,"00000035","0024","0984","168C8C","169154","1BA22C","1BA11C",
"0189",En_Sth,Skulltula House Resident (Curse Lifted),4,0,"00000019","0001","02A4","18F508","18F5C4","1DFB24","000000",
"0160",En_Stream,Big Water Spout,1,0,"80400010","013B","01B4","1F8444","1F84E0","22EFD4","22EF64",
"0095",En_Sw,Skullwalltula,4,0,"00000035","0024","0830","1691C8","1695E4","1BB110","1BAF90",
"00C0",En_Syateki_Itm,Shooting Gallery Items,6,0,"80000010","0001","0230","283E84","283F90","2A601C","000000",
"00C1",En_Syateki_Man,Shooting Gallery Proprietor,4,0,"08000019","005B","05A0","283F94","284050","2A60BC","2A6054",
"0143",En_Syateki_Niw,?: En_Syateki_Niw,6,0,"00000010","0013","0800","2840DC","284288","2A6388","2A6140",
"0084",En_Ta,Talon,4,0,"00000009","0088","0C44","169614","169B94","1BB494","1BB43C",
"017C",En_Takara_Man,Treasure Chest Shop Proprietor,4,0,"08000039","0155","07D0","26DEB8","26E01C","2953D8","295374",
"00C2",En_Tana,Shop Shelves,6,0,"80400009","00B2","01A8","1BB670","1BB6D0","1F8538","000000",
"0002",En_Test,Stalfos,5,0,"00000015","0032","1DCC","1BB6DC","1BBA28","12E2D0","18F5F4",
"01AC",En_Tg,Honey & Darling,4,0,"00000009","0182","0868","169C08","169D20","1BBB24","1BBAF0",
"001B",En_Tite,Tektite,5,0,"00000015","0016","0700","1BBC0C","1BBE24","12EE3C","18F6E8",
"0085",En_Tk,Dampé,4,0,"00000009","0089","1200","169D60","169F84","1BC088","1BBE70",
"0181",En_Torch,Grotto Treasure Chest,7,0,"00000000","0001","01A4","1DFB2C","000000","000000","000000",
"0033",En_Torch2,Dark Link,9,0,"00000035","0020","2AA8","1F853C","1F8764","22F0C8","22EFF8",
"0132",En_Toryo,Carpenter Boss,4,0,"00000009","0121","0BF0","1DFBA8","1DFDC4","212E84","212E40",
"0035",En_Tp,Tailpasaran,5,0,"00000000","0022","05D4","169FE8","16A3C0","1016BC","14C6DC",
"00CC",En_Tr,Kotake & Koume,4,0,"00000010","00C1","0E98","16A3FC","16A5A8","1BC314","1BC26C",
"0080",En_Trap,Blade Trap,1,0,"00000010","0085","0254","1BEDE8","1BF104","12F508","1904B8",
"011D",En_Tubo_Trap,Flying Pot,6,0,"80000010","0003","0214","24E434","24E4C0","2848D8","28488C",
"0063",En_Vali,Bari,5,0,"00001015","0056","08C8","1BC498","1BC6CC","1F8848","1F87F4",
"0082",En_Vase,Orange Pot,6,0,"80000010","0086","01A8","1BF12C","1BF188","161640","190504",
"0000",Player,Player,9,0,"80000030","009C","0228","212F94","35720C","24E700","24E4E8",
"002A",En_Viewer,?: En_Viewer,7,0,"00000010","0001","0878","1F8CC4","1F8F74","22FE04","22FD70",
"008A",En_Vm,Beamos,5,0,"00000011","008B","06E4","16C0C8","368564","102954","14D428",
"01BE",En_Wall_Tubo,?: En_Wall_Tubo,6,0,"80000010","0001","01C8","24EF24","24EF44","284960","000000",
"0011",En_Wallmas,Wallmaster,5,0,"00000035","000B","0844","21318C","213368","24F268","24EF48",
"0165",En_Weather_Tag,Weather-Changing Tag,6,0,"80000010","0001","01B4","28497C","284B0C","2A6F80","000000",
"018C",En_Weiyer,Stinger (Water),5,0,"00000005","0026","0840","1F8FD8","1F90A4","22FF04","22FE0C",
"01AF",En_Wf,Wolfos,5,0,"00000015","0183","0F18","16A5C8","16A8BC","1BC898","1BC740",
"0112",En_Wonder_Item,Collectible Field Items (Invisible),6,0,"00000000","0001","0230","284C2C","284F08","2A6F88","000000",
"0147",En_Wonder_Talk,Checkable Green Navi Spot,6,0,"88000009","0001","01C0","284F40","284FCC","3731F4","000000",
"0185",En_Wonder_Talk2,Checkable Spot,7,0,"08000009","0001","01CC","298BB4","298D84","3794EC","000000",
"0077",En_Wood02,Trees & Bushes,6,0,"80000000","007C","0214","1F90D4","1F9668","16C300","1E0F00",
"012F",En_Yabusame_Mark,?: En_Yabusame_Mark,6,0,"00000000","0001","0268","2A7008","2A7114","3804E0","000000",
"006B",En_Yukabyun,Flying Floor Tile,5,0,"00400010","005F","0208","230300","2303E0","26E628","26E5F0",
"0025",En_Zf,Lizalfos & Dinalfos,5,0,"00000015","001B","0BE8","16A95C","16ADD8","101C48","14C864",
"004D",En_Zl2,Adult Zelda (Cutscenes),4,0,"00000010","0060","0638","18FB28","18FC30","1E00E0","1E0028",
"0179",En_Zl3,Adult Zelda (Normal Gameplay),4,0,"00000010","0060","1140","18FC4C","18FE1C","1E02B8","1E0154",
"01D3",En_Zl4,Child Zelda (Gameplay & Cutscene 04),4,0,"00000019","0191","0F30","18FE4C","190118","1E042C","1E0394",
"01CE",En_Zo,Zora,4,0,"00000009","00FE","10C4","16AE6C","16B2A0","1BDA94","1BD664",
"017F",End_Title,Ending Overlays,7,0,"00000030","0001","01CC","1F96C8","1F984C","2309FC","230704",
"00FE",Fishing,Fishing Pond & Proprietor,4,0,"00000010","015B","0C80","1C0AD8","1C20CC","1F9ACC","1F98B4",
"005F",Item_B_Heart,Heart Container,8,0,"00000000","00BD","01C8","25375C","2537D4","285C18","285BEC",
"010F",Item_Etcetera,Collectible Quest Items,6,0,"00000010","0001","01BC","273F28","2740BC","298D88","000000",
"0137",Item_Inbox,?: Item_Inbox,4,0,"00000009","0001","01AC","213CF4","213D50","253810","2537E0",
"00F1",Item_Ocarina,Collectible Ocarina of Time,7,0,"00000010","00DE","01B0","253818","253A1C","285D7C","285D48",
"00EE",Item_Shield,Collectible Deku Shield,7,0,"00000010","0015","0274","230ED8","2311A0","26F3C0","26F360",
"00F4",Magic_Dark,Nayru's Love Effect,7,0,"02000030","0001","01D0","213EDC","2142CC","253D94","2B6D4C",
"009F",Magic_Fire,Din's Fire Effect,7,0,"02000010","0001","0218","2143C8","214640","25426C","253FF0",
"009E",Magic_Wind,Farore's Wind Effect,7,0,"02000010","0001","02E8","214678","347070","25482C","296F14",
"00B7",Mir_Ray,Reflectable Ray of Light,7,0,"00000030","00AB","035C","1C28B8","1C2BB8","1FEDD4","1FE3DC",
"0126",Obj_Bean,Bean Planting Spot,1,0,"00400000","011E","026C","1E12B0","1E160C","214BEC","214938",
"0139",Obj_Blockstop,?: Obj_Blockstop,6,0,"00000000","0001","01A4","26F950","26F98C","2970DC","000000",
"0127",Obj_Bombiwa,Bombable Boulder,6,0,"00000000","0163","0200","231380","231460","26F9DC","26F990",
"019E",Obj_Comb,Beehive,6,0,"80000000","0002","0220","1E1694","1E170C","2152EC","214FB8",
"00D3",Obj_Dekujr,Deku Tree Sprout,4,0,"00000039","00CC","03C4","215344","21577C","254B50","254AE8",
"012B",Obj_Elevator,Stone Elevator,1,0,"80400000","011B","01D0","254E2C","254EFC","286024","285FE0",
"01D2",Obj_Hamishi,Breakable Bronze Boulder,6,0,"80000000","0002","0210","231488","231580","26FD24","26FCA8",
"014F",Obj_Hana,Graveyard Flower / Rock & Grass Pulled by Kokiri,6,0,"80000000","0002","0200","1E1734","1E182C","2157E4","215798",
"012D",Obj_Hsblock,Hookshot Target Pillar,1,0,"00000000","011C","01C8","2315A8","231708","270298","2701E4",
"011E",Obj_Ice_Poly,?: Obj_Ice_Poly,6,0,"80400010","0001","0260","254F2C","255090","286204","286048",
"0110",Obj_Kibako,Small Wooden Crate,6,0,"84000010","0003","020C","215838","215984","2551EC","2550D8",
"01A0",Obj_Kibako2,Large Wooden Crate,1,0,"00000000","0170","0220","23173C","23182C","270330","2702D0",
"012C",Obj_Lift,Deku Tree Elevator,1,0,"00400010","011D","01CC","1E1870","1E1A00","2159DC","2159AC",
"0150",Obj_Lightswitch,Sun Switch,0,0,"00000010","012A","0404","2971B8","297458","378240","377D90",
"01CF",Obj_Makekinsuta,Gold Skulltula Spawner,7,0,"00000010","0001","01AC","297494","161640","378300","000000",
"017D",Obj_Makeoshihiki,Make Pushblock,6,0,"00000020","0003","01A4","2A8CC4","161640","161640","38146C",
"0094",Obj_Mure,Group of Bugs / Fish / Butterflies,7,0,"00000000","0001","0204","1E1A30","1E1ABC","2159F8","000000",
"0151",Obj_Mure2,Groups of Rocks & Grass Clumps,6,0,"00000000","0001","01E0","1FF0EC","161640","23186C","000000",
"01AB",Obj_Mure3,Group of Rupees,1,0,"00000000","0001","01C8","1FF138","1FF180","2318AC","000000",
"00FF",Obj_Oshihiki,Pushblock,6,0,"00400010","0003","0230","255200","255460","286520","28620C",
"0187",Obj_Roomtimer,Room Timer,5,0,"00000010","0001","01AC","270338","270380","2974A4","000000",
"012A",Obj_Switch,Bronze / Diamond / Eye Switch,0,0,"00000010","0003","05C4","215A14","215EC8","2554A8","255490",
"005E",Obj_Syokudai,Torch Stand (Generic),6,0,"00000410","00A4","0284","25565C","255990","2868D4","286590",
"01D1",Obj_Timeblock,Time Block,7,0,"0A000011","0190","01D8","2703AC","27057C","36D10C","2974AC",
"0111",Obj_Tsubo,Pot,6,0,"00800010","0001","0208","1FF184","1FF2B4","2318F0","000000",
"01D6",Obj_Warp2block,Time Block,7,0,"0A000031","0190","01D4","287100","287224","2A8E34","2A8DE4",
"0097",Object_Kankyo,?: Object_Kankyo,7,0,"02000030","0001","18BC","2705B8","270DEC","297DF4","297508",
"017E",Oceff_Spot,Sun's Song Effect,7,0,"02000010","0001","01F0","215FA8","2162CC","255BDC","255A04",
"018B",Oceff_Storm,Song of Storms Effect,7,0,"02000030","0001","01C8","231920","231CE0","27112C","271008",
"018A",Oceff_Wipe,Lullaby / Song of Time Effect,7,0,"02000010","0001","01B4","216360","216580","256158","255E0C",
"0198",Oceff_Wipe2,Epona's Song Effect,7,0,"02000010","0001","01B4","231DF8","232000","2714B8","271184",
"0199",Oceff_Wipe3,Saria's Song Effect,7,0,"02000010","0001","01B4","23206C","232274","27181C","271544",
"01CB",Oceff_Wipe4,Scarecrow's Song Effect,7,0,"02000010","0001","01B4","2322E0","367C0C","271C10","2718A8",
"0000",Player,Player,2,0,"06000035","0001","2A4C","191844","19262C","1E1B54","4BF618",
"0183",Shot_Sun,Fire Arrow Trigger & Big Fairy,6,0,"80000009","0001","0210","1E2D78","1E2E08","217C64","000000",
